Player,Position,GP,GPG,APG,PPG,PlayerID
Aaron Downey,RW,21,0.05,0.00,0.05,downeaa01
Aaron Johnson,D,61,0.05,0.11,0.16,johnsaa01
Aaron Miller,D,82,0.00,0.10,0.10,milleaa01
Aaron Rome,D,1,0.00,0.00,0.00,romeaa01
Aaron Ward,D,80,0.05,0.15,0.20,wardaa01
Adam Burish,RW,9,0.00,0.00,0.00,burisad01
Adam Foote,D,59,0.05,0.15,0.20,footead01
Adam Hall,RW,72,0.08,0.15,0.24,hallad01
Adam Mair,C,82,0.02,0.11,0.13,mairad01
Adrian Aucoin,D,59,0.07,0.20,0.27,aucoiad01
Alain Nasreddine,D,44,0.02,0.09,0.11,nasreal01
Aleš Hemský,RW,64,0.20,0.63,0.83,hemskal01
Aleš Kotalík,RW,66,0.24,0.33,0.58,kotalal01
Alex Auld,G,27,0.00,0.04,0.04,auldal01
Alex Brooks,D,19,0.00,0.05,0.05,brookal01
Alex Frolov,LW,82,0.43,0.44,0.87,froloal01
Alex Kovalev,RW,73,0.25,0.40,0.64,kovalal01
Alex Ovechkin,LW,82,0.56,0.56,1.12,ovechal01
Alex Tanguay,LW,81,0.27,0.73,1.00,tangual01
Alexander Edler,D,22,0.05,0.09,0.14,edleral01
Alexander Perezhogin,RW,61,0.10,0.15,0.25,perezal01
Alexander Radulov,RW,64,0.28,0.30,0.58,radulal01
Alexander Semin,LW,77,0.49,0.45,0.95,seminal01
Alexander Steen,C,82,0.18,0.24,0.43,steenal01
Alexander Suglobov,RW,14,0.00,0.00,0.00,sugloal01
Alexander Svitov,C,76,0.09,0.14,0.24,svitoal01
Alexandre Burrows,LW,81,0.04,0.07,0.11,burroal01
Alexandre Giroux,C,9,0.22,0.22,0.44,giroual01
Alexandre Picard,D,62,0.05,0.31,0.35,picaral01
Alexandre Picard,LW,23,0.00,0.04,0.04,picaral02
Alexei Kaigorodov,C,6,0.00,0.17,0.17,kaigoal01
Alexei Mikhnov,LW,2,0.00,0.00,0.00,mikhnal01
Alexei Ponikarovsky,LW,71,0.30,0.34,0.63,ponikal01
Alexei Semenov,D,23,0.00,0.22,0.22,semenal01
Alexei Yashin,C,58,0.31,0.55,0.86,yashial01
Alexei Zhitnik,D,79,0.09,0.39,0.48,zhitnal01
Allan Rourke,D,11,0.00,0.09,0.09,rourkal01
Alyn McCauley,C,10,0.10,0.00,0.10,mccaual01
Anders Eriksson,D,79,0.00,0.29,0.29,eriksan01
André Roy,RW,56,0.02,0.04,0.05,royan01
Andreas Karlsson,C,53,0.06,0.11,0.17,karlsan01
Andreas Lilja,D,57,0.00,0.09,0.09,liljaan01
Andrei Kostitsyn,LW,22,0.05,0.45,0.50,kostian01
Andrei Markov,D,77,0.08,0.56,0.64,markoan01
Andrei Zyuzin,D,49,0.02,0.10,0.12,zyuzian01
Andrej Meszároš,D,82,0.09,0.34,0.43,meszaan01
Andrej Sekera,D,2,0.00,0.00,0.00,sekeran01
Andrew Alberts,D,76,0.00,0.13,0.13,alberan01
Andrew Brunette,LW,82,0.33,0.68,1.01,brunean01
Andrew Ference,D,80,0.04,0.15,0.19,ferenan01
Andrew Hutchinson,D,41,0.07,0.27,0.34,hutchan01
Andrew Ladd,LW,65,0.17,0.15,0.32,laddan01
Andrew Peters,LW,58,0.02,0.02,0.03,peteran01
Andrew Raycroft,G,72,0.00,0.01,0.01,raycran01
Andy Greene,D,23,0.04,0.22,0.26,greenan01
Andy Hilbert,C,81,0.10,0.25,0.35,hilbean01
Andy McDonald,C,82,0.33,0.62,0.95,mcdonan01
Andy Sutton,D,55,0.04,0.25,0.29,suttoan01
Andy Wozniewski,D,15,0.00,0.13,0.13,woznian01
Anson Carter,RW,64,0.17,0.27,0.44,cartean01
Antero Niittymäki,G,52,0.00,0.00,0.00,niittan01
Anthony Stewart,C,10,0.00,0.10,0.10,stewaan01
Antoine Vermette,C,77,0.25,0.26,0.51,vermean01
Anton Babchuk,D,52,0.04,0.23,0.27,babchan01
Anton Volchenkov,D,78,0.01,0.23,0.24,volchan01
Antti Laaksonen,LW,41,0.07,0.02,0.10,laaksan01
Antti Miettinen,RW,74,0.15,0.19,0.34,miettan01
Anže Kopitar,C,72,0.28,0.57,0.85,kopitan01
Arron Asham,RW,80,0.14,0.15,0.29,ashamar01
Barret Jackman,D,70,0.04,0.34,0.39,jackmba01
Barry Brust,G,11,0.00,0.00,0.00,brustba01
Barry Tallackson,RW,3,0.00,0.00,0.00,tallaba01
Bates Battaglia,LW,82,0.15,0.23,0.38,battaba01
Ben Clymer,D,66,0.11,0.20,0.30,clymebe01
Ben Eager,LW,63,0.10,0.08,0.17,eagerbe01
Ben Guite,RW,39,0.08,0.21,0.28,guitebe01
Ben Ondrus,RW,16,0.00,0.13,0.13,ondrube01
Ben Walter,C,4,0.00,0.00,0.00,waltebe01
Benoît Pouliot,LW,3,0.00,0.00,0.00,poulibe01
Bill Guerin,RW,77,0.47,0.26,0.73,gueribi01
Bill Thomas,RW,24,0.33,0.25,0.58,thomabi01
Björn Melin,RW,3,0.33,0.00,0.33,melinbj01
Blair Betts,C,82,0.11,0.05,0.16,bettsbl01
Blair Jones,C,20,0.05,0.10,0.15,jonesbl01
Blake Comeau,RW,3,0.00,0.00,0.00,comeabl01
Bobby Allen,D,31,0.00,0.10,0.10,allenbo01
Bobby Holík,C,82,0.13,0.22,0.35,holikbo01
Boyd Devereaux,C,33,0.24,0.33,0.58,deverbo01
Boyd Gordon,RW,71,0.10,0.31,0.41,gordobo01
Boyd Kane,LW,15,0.00,0.13,0.13,kanebo01
Brad Boyes,C,81,0.21,0.36,0.57,boyesbr01
Brad Ference,D,5,0.00,0.00,0.00,ferenbr01
Brad Isbister,LW,19,0.05,0.21,0.26,isbisbr01
Brad Larsen,LW,72,0.10,0.08,0.18,larsebr01
Brad Lukowich,D,75,0.05,0.11,0.16,lukowbr01
Brad May,LW,24,0.00,0.17,0.17,maybr01
Brad Moran,C,3,0.00,0.33,0.33,moranbr01
Brad Norton,D,6,0.00,0.17,0.17,nortobr01
Brad Richards,C,82,0.30,0.55,0.85,richabr01
Brad Richardson,RW,73,0.19,0.11,0.30,richabr02
Brad Stuart,D,75,0.09,0.20,0.29,stuarbr02
Brad Winchester,LW,59,0.07,0.08,0.15,winchbr01
Brandon Bochenski,RW,41,0.32,0.27,0.59,bochebr01
Brandon Dubinsky,C,6,0.00,0.00,0.00,dubinbr01
Brandon Prust,C,10,0.00,0.00,0.00,prustbr01
Brandon Reid,C,3,0.00,0.00,0.00,reidbr01
Branislav Mezei,D,45,0.00,0.07,0.07,mezeibr01
Branko Radivojevič,RW,82,0.13,0.16,0.29,radivbr01
Braydon Coburn,D,49,0.06,0.16,0.22,coburbr01
Brendan Bell,D,45,0.02,0.13,0.16,bellbr02
Brendan Morrison,C,82,0.24,0.38,0.62,morribr01
Brendan Shanahan,LW,67,0.43,0.49,0.93,shanabr01
Brendan Witt,D,81,0.01,0.16,0.17,wittbr01
Brenden Morrow,LW,40,0.40,0.38,0.78,morrobr01
Brent Burns,D,77,0.09,0.23,0.32,burnsbr01
Brent Johnson,G,30,0.00,0.03,0.03,johnsbr02
Brent Seabrook,D,81,0.05,0.25,0.30,seabrbr01
Brent Sopel,D,64,0.08,0.36,0.44,sopelbr01
Bret Hedican,D,50,0.00,0.20,0.20,hedicbr01
Brett Clark,D,82,0.12,0.35,0.48,clarkbr01
Brett Lebda,D,74,0.07,0.18,0.24,lebdabr01
Brett McLean,C,78,0.19,0.26,0.45,mcleabr01
Brian Boucher,G,18,0.00,0.00,0.00,bouchbr01
Brian Campbell,D,82,0.07,0.51,0.59,campbbr02
Brian Finley,G,2,0.00,0.00,0.00,finlebr01
Brian Gionta,RW,62,0.40,0.32,0.73,giontbr01
Brian McGrattan,RW,45,0.00,0.04,0.04,mcgrabr01
Brian Pothier,D,72,0.04,0.35,0.39,pothibr01
Brian Rafalski,D,82,0.10,0.57,0.67,rafalbr01
Brian Rolston,RW,78,0.40,0.42,0.82,rolstbr01
Brian Sutherby,C,69,0.10,0.14,0.25,suthebr01
Brian Willsie,RW,81,0.14,0.12,0.26,willsbr01
Brooks Laich,C,73,0.11,0.14,0.25,laichbr01
Brooks Orpik,D,70,0.00,0.09,0.09,orpikbr01
Bruno Gervais,D,51,0.00,0.12,0.12,gervabr01
Bryan Allen,D,82,0.05,0.26,0.30,allenbr01
Bryan Berard,D,11,0.00,0.27,0.27,berarbr01
Bryan Bickell,LW,3,0.67,0.00,0.67,bickebr01
Bryan McCabe,D,82,0.18,0.51,0.70,mccabbr01
Bryan Muir,D,26,0.12,0.15,0.27,muirbr01
Bryan Smolinski,C,82,0.22,0.32,0.54,smolibr01
Bryan Young,D,15,0.00,0.00,0.00,youngbr02
Bryce Lampman,D,1,0.00,0.00,0.00,lampmbr01
Bryce Salvador,D,64,0.03,0.08,0.11,salvabr01
Byron Ritchie,C,64,0.13,0.09,0.22,ritchby01
Cam Barker,D,35,0.03,0.20,0.23,barkeca01
Cam Janssen,RW,48,0.02,0.00,0.02,janssca01
Cam Ward,G,60,0.00,0.02,0.02,wardca01
Carl Corazzini,C,7,0.00,0.14,0.14,corazca01
Carlo Colaiacovo,D,48,0.17,0.19,0.35,colaica01
Carsen Germyn,C,2,0.00,0.00,0.00,germyca01
Chad Kilger,LW,82,0.17,0.17,0.34,kilgech01
Chad Larose,C,80,0.08,0.15,0.23,larosch01
Chris Campoli,D,51,0.02,0.25,0.27,campoch01
Chris Chelios,D,71,0.00,0.15,0.15,chelich01
Chris Clark,RW,74,0.41,0.32,0.73,clarkch01
Chris Conner,RW,11,0.09,0.18,0.27,connech01
Chris Drury,C,77,0.48,0.42,0.90,drurych01
Chris Gratton,C,81,0.16,0.27,0.43,grattch01
Chris Higgins,C,61,0.36,0.26,0.62,higgich01
Chris Kelly,C,82,0.18,0.28,0.46,kellych01
Chris Kunitz,LW,81,0.31,0.43,0.74,kunitch01
Chris Mason,G,40,0.00,0.03,0.03,masonch02
Chris Neil,RW,82,0.15,0.20,0.34,neilch01
Chris Osgood,G,21,0.00,0.05,0.05,osgooch01
Chris Phillips,D,82,0.10,0.22,0.32,phillch02
Chris Pronger,D,66,0.20,0.70,0.89,prongch01
Chris Simon,LW,67,0.15,0.25,0.40,simonch01
Chris Thorburn,C,39,0.08,0.05,0.13,thorbch01
Christian Bäckman,D,61,0.11,0.18,0.30,backmch01
Christian Ehrhoff,D,82,0.12,0.28,0.40,ehrhoch01
Christoph Schubert,D,80,0.10,0.21,0.31,schubch01
Chuck Kobasew,RW,50,0.10,0.28,0.38,kobasch01
Clarke MacArthur,LW,19,0.16,0.21,0.37,macarcl01
Cody McCormick,C,6,0.00,0.17,0.17,mccorco01
Colby Armstrong,RW,80,0.15,0.28,0.43,armstco01
Colin Fraser,C,1,0.00,0.00,0.00,fraseco01
Colin White,D,69,0.00,0.12,0.12,whiteco01
Colton Orr,RW,53,0.04,0.02,0.06,orrco01
Corey Perry,RW,82,0.21,0.33,0.54,perryco01
Cory Sarich,D,82,0.00,0.18,0.18,saricco01
Cory Stillman,LW,43,0.12,0.51,0.63,stillco01
Craig Adams,RW,82,0.09,0.09,0.17,adamscr01
Craig Anderson,G,5,0.00,0.00,0.00,andercr01
Craig Conroy,C,80,0.16,0.30,0.46,conrocr01
Craig MacDonald,C,25,0.12,0.08,0.20,macdocr01
Craig Rivet,D,71,0.10,0.24,0.34,rivetcr01
Cristobal Huet,G,42,0.00,0.02,0.02,huetcr01
Curtis Brown,C,78,0.10,0.15,0.26,browncu01
Curtis Glencross,LW,9,0.11,0.00,0.11,glenccu01
Curtis Joseph,G,55,0.00,0.00,0.00,josepcu01
Curtis Sanford,G,31,0.00,0.00,0.00,sanfocu01
D.J. King,LW,27,0.04,0.04,0.07,kingdj01
Dainius Zubrus,RW,79,0.30,0.46,0.76,zubruda01
Dallas Drake,RW,60,0.10,0.10,0.20,drakeda01
Dan Boyle,D,82,0.24,0.52,0.77,boyleda01
Dan Cloutier,G,24,0.00,0.04,0.04,cloutda01
Dan Fritsche,C,59,0.20,0.25,0.46,fritsda01
Dan Girardi,D,34,0.00,0.18,0.18,girarda01
Dan Hamhuis,D,81,0.07,0.17,0.25,hamhuda01
Dan Hinote,RW,41,0.12,0.12,0.24,hinotda01
Dan LaCouture,LW,6,0.00,0.00,0.00,lacouda01
Daniel Alfredsson,RW,77,0.38,0.75,1.13,alfreda01
Daniel Brière,C,81,0.40,0.78,1.17,brierda01
Daniel Carcillo,LW,18,0.22,0.17,0.39,carcida01
Daniel Cleary,RW,71,0.28,0.28,0.56,clearda01
Daniel Paille,LW,29,0.10,0.28,0.38,paillda01
Daniel Sedin,LW,81,0.44,0.59,1.04,sedinda01
Daniel Tjärnqvist,D,37,0.08,0.32,0.41,tjarnda01
Danny Bois,RW,1,0.00,0.00,0.00,boisda01
Danny Markov,D,66,0.06,0.18,0.24,markoda01
Danny Richmond,D,22,0.00,0.09,0.09,richmda01
Danny Syvret,D,16,0.00,0.06,0.06,syvreda01
Dany Heatley,RW,82,0.61,0.67,1.28,heatlda01
Dany Sabourin,G,9,0.00,0.00,0.00,sabouda01
Darcy Campbell,D,1,0.00,0.00,0.00,campbda02
Darcy Hordichuk,LW,53,0.02,0.06,0.08,hordida01
Darcy Tucker,RW,56,0.43,0.34,0.77,tuckeda01
Darius Kasparaitis,D,24,0.08,0.08,0.17,kaspada01
Darren Haydar,RW,4,0.00,0.00,0.00,haydada01
Darren McCarty,RW,32,0.00,0.00,0.00,mccarda02
Darren Reid,RW,14,0.00,0.00,0.00,reidda03
Darryl Bootland,RW,6,0.00,0.00,0.00,bootlda01
Darryl Sydor,D,74,0.07,0.22,0.28,sydorda01
Dave Bolland,C,1,0.00,0.00,0.00,bollada01
Dave Moss,LW,41,0.24,0.20,0.44,mossda01
Dave Scatchard,C,46,0.07,0.11,0.17,scatcda01
David Aebischer,G,32,0.00,0.00,0.00,aebisda01
David Backes,C,49,0.20,0.27,0.47,backeda01
David Booth,LW,48,0.06,0.15,0.21,boothda01
David Clarkson,RW,7,0.43,0.14,0.57,clarkda03
David Gove,LW,1,0.00,0.00,0.00,goveda01
David Hale,D,54,0.00,0.02,0.02,haleda01
David Kočí,LW,9,0.00,0.00,0.00,kocida01
David Krejčí,C,6,0.00,0.00,0.00,krejcda01
David Legwand,C,78,0.35,0.46,0.81,legwada01
David LeNeveu,G,6,0.00,0.00,0.00,lenevda01
David Liffiton,D,2,0.00,0.00,0.00,liffida01
David Printz,D,12,0.00,0.00,0.00,printda01
David Steckel,LW,5,0.00,0.00,0.00,steckda01
David Tanabe,D,60,0.08,0.20,0.28,tanabda01
David Výborný,RW,82,0.20,0.59,0.78,vyborda01
Daymond Langkow,C,81,0.41,0.54,0.95,langkda01
Dean McAmmond,LW,81,0.17,0.19,0.36,mcammde01
Denis Arkhipov,C,79,0.13,0.22,0.34,arkhide01
Denis Gauthier,D,43,0.00,0.09,0.09,gauthde01
Denis Hamel,LW,53,0.09,0.06,0.15,hamelde01
Dennis Seidenberg,D,52,0.04,0.12,0.15,seidede01
Dennis Wideman,D,75,0.08,0.25,0.33,widemde01
Derek Armstrong,C,67,0.16,0.49,0.66,armstde01
Derek Boogaard,LW,48,0.00,0.02,0.02,boogade01
Derek MacKenzie,C,4,0.00,0.00,0.00,mackede01
Derek Meech,D,4,0.00,0.00,0.00,meechde01
Derek Morris,D,82,0.07,0.23,0.30,morride01
Derek Roy,C,75,0.28,0.56,0.84,royde01
Derian Hatcher,D,82,0.04,0.07,0.11,hatchde01
Deron Quint,D,5,0.00,0.00,0.00,quintde01
Derrick Walser,D,9,0.22,0.00,0.22,walsede01
Dion Phaneuf,D,79,0.22,0.42,0.63,phanedi01
Dmitri Kalinin,D,82,0.09,0.27,0.35,kalindm01
Dmitry Afanasenkov,LW,74,0.15,0.14,0.28,afanadm01
Dominic Moore,C,69,0.12,0.13,0.25,mooredo01
Dominik Hašek,G,56,0.00,0.04,0.04,hasekdo01
Donald Brashear,LW,77,0.05,0.12,0.17,brashdo01
Donald MacLean,C,9,0.11,0.11,0.22,macledo01
Doug Janik,D,75,0.03,0.12,0.15,janikdo01
Doug Weight,C,82,0.20,0.52,0.72,weighdo01
Douglas Murray,D,35,0.00,0.09,0.09,murrado01
Drew Fata,D,3,0.33,0.00,0.33,fatadr01
Drew Larman,C,16,0.13,0.00,0.13,larmadr01
Drew Stafford,RW,41,0.32,0.34,0.66,staffdr01
Duncan Keith,D,82,0.02,0.35,0.38,keithdu01
Duncan Milroy,RW,5,0.00,0.20,0.20,milrodu01
Dustin Boyd,C,13,0.15,0.15,0.31,boyddu01
Dustin Brown,LW,81,0.21,0.36,0.57,browndu01
Dustin Byfuglien,D,9,0.11,0.22,0.33,byfugdu01
Dustin Penner,RW,82,0.35,0.20,0.55,pennedu01
Duvie Westcott,D,23,0.17,0.26,0.43,westcdu01
Dwayne Roloson,G,68,0.00,0.04,0.04,rolosdw01
Ed Belfour,G,58,0.00,0.03,0.03,belfoed01
Ed Jovanovski,D,54,0.20,0.33,0.54,jovaned01
Enver Lisin,RW,17,0.06,0.06,0.12,lisinen01
Éric Bélanger,C,80,0.21,0.23,0.44,belaner01
Eric Boguniecki,C,11,0.00,0.00,0.00,boguner01
Eric Boulton,LW,45,0.07,0.09,0.16,boulter01
Eric Brewer,D,82,0.07,0.28,0.35,breweer01
Eric Cairns,D,1,0.00,0.00,0.00,cairner01
Eric Fehr,RW,14,0.14,0.07,0.21,fehrer01
Eric Godard,RW,19,0.00,0.05,0.05,godarer01
Eric Lindros,RW,49,0.10,0.43,0.53,lindrer01
Éric Meloche,RW,13,0.08,0.15,0.23,melocer01
Éric Perrin,C,82,0.16,0.28,0.44,perrier01
Eric Staal,C,82,0.37,0.49,0.85,staaler01
Erik Christensen,C,61,0.30,0.25,0.54,chriser01
Erik Cole,LW,71,0.41,0.45,0.86,coleer01
Erik Rasmussen,C,71,0.04,0.10,0.14,rasmuer01
Erik Reitz,D,1,0.00,0.00,0.00,reitzer01
Erik Westrum,C,2,0.00,0.00,0.00,westrer01
Ethan Moreau,LW,7,0.14,0.00,0.14,moreaet01
Evgeni Malkin,LW,78,0.42,0.67,1.09,malkiev01
Evgeni Nabokov,G,50,0.00,0.00,0.00,nabokev01
Fedor Tyutin,D,66,0.03,0.18,0.21,tyutife01
Fernando Pisani,RW,77,0.18,0.18,0.36,pisanfe01
Filip Kuba,D,81,0.19,0.27,0.46,kubafi01
Filip Novák,D,6,0.00,0.00,0.00,novakfi01
Francis Bouillon,D,62,0.05,0.18,0.23,bouilfr01
François Beauchemin,D,71,0.10,0.30,0.39,beaucfr01
Frans Nielsen,C,15,0.07,0.07,0.13,nielsfr01
František Kaberle,D,27,0.07,0.22,0.30,kaberfr01
Freddy Meyer,D,60,0.03,0.10,0.13,meyerfr01
Frédéric Cassivi,G,4,0.00,0.00,0.00,cassifr01
Fredrik Modin,LW,79,0.28,0.25,0.53,modinfr01
Fredrik Norrena,G,55,0.00,0.00,0.00,norrefr01
Fredrik Sjöström,RW,78,0.12,0.12,0.23,sjostfr01
Gabe Gauthier,LW,5,0.00,0.00,0.00,gauthga01
Garnet Exelby,D,58,0.03,0.14,0.17,exelbga01
Garth Murray,LW,43,0.05,0.02,0.07,murraga01
Gary Roberts,LW,69,0.29,0.32,0.61,roberga01
Geoff Platt,C,26,0.15,0.19,0.35,plattge01
Geoff Sanderson,LW,58,0.19,0.31,0.50,sandege01
George Parros,RW,34,0.03,0.00,0.03,parroge01
Georges Laraque,RW,73,0.07,0.26,0.33,laraqge01
Gilbert Brulé,C,78,0.12,0.13,0.24,brulegi01
Glen Metropolit,C,77,0.18,0.25,0.43,metrogl01
Glen Murray,RW,59,0.47,0.29,0.76,murragl01
Glen Wesley,D,68,0.01,0.18,0.19,weslegl01
Greg de Vries,D,82,0.04,0.26,0.29,devrigr01
Greg Jacina,C,3,0.00,0.00,0.00,jacingr01
Greg Zanon,D,66,0.05,0.08,0.12,zanongr01
Gregory Campbell,C,79,0.08,0.04,0.11,campbgr01
Guillaume Latendresse,RW,80,0.20,0.16,0.36,latengu01
Hal Gill,D,82,0.07,0.17,0.24,gillha01
Hannu Toivonen,G,18,0.00,0.00,0.00,toivoha01
Henrik Lundqvist,G,70,0.00,0.00,0.00,lundqhe01
Henrik Sedin,C,82,0.12,0.87,0.99,sedinhe01
Henrik Tallinder,D,47,0.09,0.21,0.30,tallihe01
Henrik Zetterberg,LW,63,0.52,0.56,1.08,zettehe01
Ian Laperrière,RW,81,0.10,0.26,0.36,laperia01
Ian Moran,D,1,0.00,0.00,0.00,morania01
Ian White,D,76,0.04,0.30,0.34,whiteia01
Ilya Bryzgalov,G,27,0.00,0.00,0.00,bryzgil01
Ilya Kovalchuk,LW,82,0.51,0.41,0.93,kovalil01
J.P. Dumont,RW,82,0.26,0.55,0.80,dumonjp01
J.P. Vigier,RW,72,0.07,0.11,0.18,vigiejp01
Jack Johnson,D,5,0.00,0.00,0.00,johnsja02
Jakub Klepiš,C,41,0.07,0.17,0.24,klepija01
Jamal Mayers,RW,80,0.10,0.18,0.28,mayerja01
James Wisniewski,D,50,0.04,0.16,0.20,wisnija01
Jamie Heward,D,71,0.08,0.25,0.34,hewarja01
Jamie Hunt,D,1,0.00,0.00,0.00,huntja01
Jamie Langenbrunner,RW,82,0.28,0.45,0.73,langeja01
Jamie Lundmark,C,68,0.10,0.09,0.19,lundmja01
Jamie McLennan,G,9,0.00,0.00,0.00,mclenja01
Jamie Rivers,D,31,0.03,0.10,0.13,riverja01
Jan Bulis,C,79,0.15,0.14,0.29,bulisja01
Jan Hejda,D,39,0.03,0.21,0.23,hejdaja01
Jānis Sprukts,C,13,0.08,0.15,0.23,sprukja01
Janne Niinimaa,D,41,0.00,0.07,0.07,niinija01
Jarkko Immonen,C,14,0.07,0.36,0.43,immonja01
Jarkko Ruutu,LW,81,0.09,0.11,0.20,ruutuja01
Jarome Iginla,RW,70,0.56,0.79,1.34,iginlja01
Jaromír Jágr,RW,82,0.37,0.80,1.17,jagrja01
Jaroslav Balaštík,LW,8,0.13,0.13,0.25,balasja01
Jaroslav Halák,G,16,0.00,0.06,0.06,halakja01
Jaroslav Modrý,D,76,0.01,0.22,0.24,modryja01
Jaroslav Špaček,D,65,0.08,0.25,0.32,spaceja01
Jarret Stoll,C,51,0.25,0.51,0.76,stollja01
Jason Arnott,C,68,0.40,0.40,0.79,arnotja01
Jason Bacashihua,G,19,0.00,0.00,0.00,bacasja01
Jason Blake,LW,82,0.49,0.35,0.84,blakeja01
Jason Chimera,LW,82,0.18,0.26,0.44,chimeja01
Jason Krog,C,23,0.13,0.13,0.26,krogja01
Jason Morgan,C,4,0.00,0.00,0.00,morgaja01
Jason Pominville,RW,82,0.41,0.41,0.83,pominja01
Jason Smith,D,82,0.02,0.11,0.13,smithja01
Jason Spezza,C,67,0.51,0.79,1.30,spezzja01
Jason Strudwick,D,8,0.00,0.00,0.00,strudja01
Jason Ward,RW,70,0.11,0.16,0.27,wardja01
Jason Williams,C,78,0.19,0.22,0.41,willija01
Jason York,D,49,0.02,0.14,0.16,yorkja01
Jassen Cullimore,D,65,0.02,0.09,0.11,cullija01
Jay Bouwmeester,D,82,0.15,0.37,0.51,bouwmja01
Jay Harrison,D,5,0.00,0.00,0.00,harrija01
Jay McClement,C,81,0.10,0.35,0.44,mccleja01
Jay McKee,D,23,0.00,0.00,0.00,mckeeja01
Jay Pandolfo,LW,82,0.16,0.17,0.33,pandoja01
Jean-François Jacques,LW,37,0.00,0.00,0.00,jacquje01
Jean-Sébastien Aubin,G,20,0.00,0.00,0.00,aubinje01
Jean-Sébastien Giguère,G,56,0.00,0.04,0.04,gigueje01
Jed Ortmeyer,RW,41,0.05,0.22,0.27,ortmeje01
Jeff Carter,C,62,0.23,0.37,0.60,carteje01
Jeff Cowan,LW,63,0.11,0.08,0.19,cowanje01
Jeff Finger,D,22,0.05,0.18,0.23,fingeje01
Jeff Friesen,LW,72,0.08,0.08,0.17,friesje01
Jeff Halpern,C,76,0.11,0.22,0.33,halpeje01
Jeff Hamilton,C,70,0.26,0.30,0.56,hamilje01
Jeff Hoggan,RW,46,0.00,0.04,0.04,hoggaje01
Jeff O'Neill,C,74,0.27,0.30,0.57,oneilje01
Jeff Schultz,D,38,0.00,0.08,0.08,schulje02
Jeff Taffe,LW,17,0.24,0.12,0.35,taffeje01
Jeff Tambellini,LW,23,0.09,0.30,0.39,tambeje01
Jeff Woywitka,D,34,0.03,0.18,0.21,woywije01
Jere Lehtinen,RW,73,0.36,0.23,0.59,lehtije01
Jeremy Colliton,C,1,0.00,0.00,0.00,collije01
Jeremy Reich,C,32,0.00,0.03,0.03,reichje01
Jeremy Roenick,C,70,0.16,0.24,0.40,roenije01
Jeremy Williams,RW,1,1.00,0.00,1.00,willije01
Jerred Smithson,C,64,0.08,0.11,0.19,smithje01
Jesse Schultz,RW,2,0.00,0.00,0.00,schulje01
Jim Dowd,C,66,0.06,0.06,0.12,dowdji01
Jim Fahey,D,13,0.00,0.08,0.08,faheyji01
Jim Slater,C,74,0.07,0.19,0.26,slateji01
Jim Vandermeer,D,46,0.02,0.13,0.15,vandeji01
Jiří Hudler,C,76,0.20,0.13,0.33,hudleji01
Jiří Novotný,C,68,0.09,0.19,0.28,novotji01
Joakim Lindström,C,9,0.11,0.00,0.11,lindsjo01
Jocelyn Thibault,G,22,0.00,0.00,0.00,thibajo01
Jochen Hecht,C,76,0.25,0.49,0.74,hechtjo01
Jody Shelley,LW,72,0.01,0.01,0.03,shelljo01
Joe Corvo,D,76,0.11,0.38,0.49,corvojo01
Joe DiPenta,D,76,0.03,0.08,0.11,dipenjo01
Joe Motzko,RW,7,0.14,0.00,0.14,motzkjo01
Joe Nieuwendyk,C,15,0.33,0.20,0.53,nieuwjo01
Joe Pavelski,C,46,0.30,0.30,0.61,paveljo01
Joe Piskula,D,5,0.00,0.00,0.00,piskujo01
Joe Sakic,C,82,0.44,0.78,1.22,sakicjo01
Joe Thornton,C,82,0.27,1.12,1.39,thornjo01
Joel Kwiatkowski,D,42,0.12,0.12,0.24,kwiatjo01
Joel Lundqvist,C,36,0.08,0.08,0.17,lundqjo01
Joel Perrault,C,26,0.04,0.08,0.12,perrajo01
Joel Ward,RW,11,0.00,0.09,0.09,wardjo02
Joey MacDonald,G,15,0.00,0.00,0.00,macdojo01
Joffrey Lupul,RW,81,0.20,0.15,0.35,lupuljo01
Johan Franzén,C,69,0.14,0.29,0.43,franzjo01
Johan Hedberg,G,21,0.00,0.05,0.05,hedbejo01
Johan Holmqvist,G,48,0.00,0.06,0.06,holmqjo01
John Erskine,D,29,0.03,0.21,0.24,erskijo01
John Grahame,G,28,0.00,0.11,0.11,grahajo01
John LeClair,LW,21,0.10,0.24,0.33,leclajo01
John Madden,C,74,0.16,0.27,0.43,maddejo01
John Pohl,C,74,0.18,0.22,0.39,pohljo01
John Zeiler,RW,23,0.04,0.09,0.13,zeilejo01
John-Michael Liles,D,71,0.20,0.42,0.62,lilesjo01
Johnny Oduya,D,76,0.03,0.12,0.14,oduyajo01
Jon Klemm,D,38,0.03,0.05,0.08,klemmjo01
Jon Sim,LW,77,0.22,0.16,0.38,simjo01
Jonas Nordqvist,C,3,0.00,0.67,0.67,nordqjo01
Jonathan Cheechoo,RW,76,0.49,0.42,0.91,cheecjo01
Jonathan Sigalet,D,1,0.00,0.00,0.00,sigaljo02
Joni Pitkänen,D,77,0.05,0.51,0.56,pitkajo01
Jordan Leopold,D,15,0.13,0.20,0.33,leopojo01
Jordan Staal,C,81,0.36,0.16,0.52,staaljo01
Jordin Tootoo,RW,65,0.05,0.09,0.14,tootojo01
José Théodore,G,33,0.00,0.03,0.03,theodjo01
Josef Melichar,D,70,0.01,0.16,0.17,melicjo01
Josef Vašíček,C,63,0.10,0.25,0.35,vasicjo01
Josh Gorges,D,54,0.02,0.06,0.07,gorgejo01
Josh Gratton,LW,52,0.02,0.02,0.04,grattjo01
Josh Green,C,57,0.04,0.09,0.12,greenjo01
Josh Harding,G,7,0.00,0.00,0.00,hardijo01
Josh Hennessy,C,10,0.10,0.00,0.10,hennejo01
Josh Langfeld,RW,33,0.00,0.06,0.06,langfjo01
Jozef Stümpel,C,73,0.32,0.47,0.78,stumpjo01
Junior Lessard,RW,1,1.00,0.00,1.00,lessaju01
Juraj Kolník,RW,64,0.17,0.22,0.39,kolniju01
Jussi Jokinen,LW,82,0.17,0.41,0.59,jokinju01
Jussi Markkanen,G,22,0.00,0.00,0.00,markkju01
Jussi Timonen,D,14,0.00,0.29,0.29,timonju01
Justin Williams,RW,82,0.40,0.41,0.82,williju01
Kamil Kreps,C,14,0.07,0.07,0.14,krepska01
Karel Rachůnek,D,66,0.09,0.30,0.39,rachuka01
Kari Lehtonen,G,68,0.00,0.01,0.01,lehtoka01
Karl Stewart,LW,47,0.04,0.06,0.11,stewaka01
Kārlis Skrastiņš,D,68,0.00,0.16,0.16,skraska01
Karri Rämö,G,2,0.00,0.00,0.00,ramoka01
Keith Aucoin,RW,8,0.00,0.13,0.13,aucoike01
Keith Ballard,D,69,0.07,0.32,0.39,ballake01
Keith Carney,D,80,0.05,0.16,0.21,carneke01
Keith Tkachuk,LW,79,0.34,0.39,0.73,tkachke01
Keith Yandle,D,7,0.00,0.29,0.29,yandlke01
Ken Klee,D,81,0.04,0.20,0.23,kleeke01
Kent Huskins,D,33,0.00,0.09,0.09,huskike01
Kevin Bieksa,D,81,0.15,0.37,0.52,biekske01
Kevin Dallman,D,53,0.02,0.17,0.19,dallmke01
Kevin Klein,D,3,0.33,0.00,0.33,kleinke01
Kevin Weekes,G,14,0.00,0.00,0.00,weekeke01
Kevyn Adams,C,68,0.04,0.13,0.18,adamske01
Kim Johnsson,D,76,0.04,0.25,0.29,johnski01
Kimmo Timonen,D,80,0.16,0.53,0.69,timonki01
Kirk Maltby,LW,82,0.07,0.06,0.13,maltbki01
Konstantin Pushkarev,RW,16,0.13,0.13,0.25,pushkko01
Kris Beech,C,64,0.13,0.28,0.41,beechkr01
Kris Draper,C,81,0.17,0.19,0.36,drapekr01
Kris Letang,D,7,0.29,0.00,0.29,letankr01
Kris Newbury,C,15,0.13,0.13,0.27,newbukr01
Kristian Huselius,LW,81,0.42,0.53,0.95,huselkr01
Krys Barch,RW,26,0.12,0.08,0.19,barchkr01
Kurt Sauer,D,48,0.00,0.13,0.13,sauerku01
Kurtis Foster,D,57,0.05,0.35,0.40,fosteku01
Kyle Brodziak,C,6,0.17,0.00,0.17,brodzky01
Kyle Calder,LW,78,0.18,0.27,0.45,caldeky01
Kyle Cumiskey,D,9,0.11,0.11,0.22,cumisky01
Kyle McLaren,D,67,0.07,0.18,0.25,mclarky01
Kyle Quincey,D,6,0.17,0.00,0.17,quincky01
Kyle Wanvig,RW,4,0.00,0.00,0.00,wanviky01
Kyle Wellwood,C,48,0.25,0.63,0.88,wellwky01
Ladislav Nagy,LW,80,0.15,0.54,0.69,nagyla01
Ladislav Šmíd,D,77,0.04,0.09,0.13,smidla01
Lars Jonsson,D,8,0.00,0.25,0.25,jonssla01
Lasse Kukkonen,D,74,0.07,0.12,0.19,kukkola01
Lauri Tukonen,RW,4,0.00,0.00,0.00,tukonla01
Lawrence Nycholat,D,19,0.11,0.32,0.42,nychola01
Lee Goren,RW,2,0.00,0.00,0.00,gorenle01
Lee Stempniak,RW,82,0.33,0.30,0.63,stemple01
Loui Eriksson,LW,59,0.10,0.22,0.32,erikslo01
Ľubomír Višňovský,D,69,0.26,0.58,0.84,visnolu01
Luc Bourdon,D,9,0.00,0.00,0.00,bourdlu01
Lukáš Krajíček,D,78,0.04,0.17,0.21,krajilu01
Luke Richardson,D,27,0.00,0.11,0.11,richalu01
Manny Fernandez,G,44,0.00,0.00,0.00,fernama01
Manny Legace,G,45,0.00,0.00,0.00,legacma01
Manny Malhotra,C,82,0.11,0.20,0.30,malhoma01
Marc Chouinard,C,42,0.05,0.05,0.10,chouima01
Marc Denis,G,44,0.00,0.00,0.00,denisma01
Marc Methot,D,20,0.00,0.20,0.20,methoma01
Marc Pouliot,C,46,0.09,0.15,0.24,poulima01
Marc Savard,C,82,0.27,0.90,1.17,savarma01
Marc-André Bergeron,D,78,0.18,0.41,0.59,bergema02
Marc-André Fleury,G,67,0.00,0.04,0.04,fleurma01
Marc-Édouard Vlasic,D,81,0.04,0.28,0.32,vlasima01
Marcel Goc,C,78,0.06,0.10,0.17,gocma01
Marcel Hossa,LW,64,0.16,0.13,0.28,hossama02
Marco Sturm,LW,76,0.36,0.22,0.58,sturmma01
Marcus Nilson,LW,63,0.08,0.16,0.24,nilsoma01
Marek Malík,D,69,0.03,0.28,0.30,malikma01
Marek Schwarz,G,2,0.00,0.00,0.00,schwama01
Marek Svatoš,RW,66,0.23,0.23,0.45,svatoma01
Marek Židlický,D,79,0.05,0.33,0.38,zidlima01
Marián Gáborík,RW,48,0.63,0.56,1.19,gaborma01
Marián Hossa,RW,82,0.52,0.70,1.22,hossama01
Mark Bell,LW,71,0.15,0.14,0.30,bellma01
Mark Cullen,C,3,0.00,0.00,0.00,cullema02
Mark Eaton,D,35,0.00,0.09,0.09,eatonma01
Mark Fraser,D,7,0.00,0.00,0.00,frasema01
Mark Giordano,D,48,0.15,0.17,0.31,giordma01
Mark Hartigan,C,12,0.08,0.17,0.25,hartima01
Mark Mancari,RW,3,0.00,0.33,0.33,mancama01
Mark Mowers,RW,78,0.06,0.15,0.22,mowerma01
Mark Parrish,RW,76,0.25,0.26,0.51,parrima01
Mark Popovic,D,3,0.00,0.33,0.33,popovma01
Mark Recchi,RW,82,0.29,0.54,0.83,recchma01
Mark Rycroft,RW,66,0.09,0.09,0.18,rycroma01
Mark Smith,C,41,0.07,0.24,0.32,smithma01
Mark Streit,D,76,0.13,0.34,0.47,streima01
Mark Stuart,D,15,0.00,0.07,0.07,stuarma01
Markus Näslund,RW,82,0.29,0.44,0.73,nasluma02
Martin Biron,G,35,0.00,0.00,0.00,bironma01
Martin Brodeur,G,78,0.00,0.01,0.01,brodema01
Martin Erat,LW,68,0.24,0.60,0.84,eratma01
Martin Gélinas,LW,82,0.17,0.37,0.54,gelinma01
Martin Gerber,G,29,0.00,0.00,0.00,gerbema01
Martin Grenier,D,3,0.00,0.00,0.00,grenima01
Martin Havlát,RW,56,0.45,0.57,1.02,havlama01
Martin Houle,G,1,0.00,0.00,0.00,houlema01
Martin Lapointe,RW,82,0.16,0.13,0.29,lapoima01
Martin Lojek,D,3,0.00,0.33,0.33,lojekma01
Martin Ručinský,LW,52,0.23,0.40,0.63,rucinma01
Martin Škoula,D,81,0.00,0.19,0.19,skoulma01
Martin St. Louis,RW,82,0.52,0.72,1.24,stlouma01
Martin St. Pierre,C,14,0.07,0.21,0.29,stpiema01
Martin Straka,C,77,0.38,0.53,0.91,strakma01
Marty Murray,C,19,0.00,0.11,0.11,murrama01
Marty Reasoner,C,72,0.08,0.19,0.28,reasoma01
Marty Turco,G,67,0.00,0.06,0.06,turcoma01
Mathias Tjärnqvist,LW,44,0.14,0.16,0.30,tjarnma01
Mathieu Dandenault,D,68,0.03,0.09,0.12,dandema01
Mathieu Darche,LW,2,0.00,0.00,0.00,darchma01
Mathieu Garon,G,32,0.00,0.03,0.03,garonma01
Mathieu Roy,D,16,0.13,0.00,0.13,royma01
Mathieu Schneider,D,68,0.16,0.60,0.76,schnema01
Mats Sundin,C,75,0.36,0.65,1.01,sundima01
Matt Bradley,RW,57,0.07,0.16,0.23,bradlma01
Matt Carle,D,77,0.14,0.40,0.55,carlema01
Matt Cooke,LW,81,0.12,0.25,0.37,cookema01
Matt Cullen,C,80,0.20,0.31,0.51,cullema01
Matt Ellis,LW,16,0.00,0.00,0.00,ellisma01
Matt Ellison,RW,2,0.00,0.00,0.00,ellisma02
Matt Foy,RW,9,0.00,0.00,0.00,foyma01
Matt Greene,D,78,0.01,0.12,0.13,greenma01
Matt Hussey,C,5,0.00,0.00,0.00,hussema01
Matt Jones,D,45,0.02,0.13,0.16,jonesma01
Matt Keith,RW,2,0.00,0.00,0.00,keithma01
Matt Lashoff,D,12,0.00,0.17,0.17,lashoma01
Matt Pettinger,LW,64,0.25,0.25,0.50,pettima01
Matt Stajan,C,82,0.12,0.35,0.48,stajama01
Matt Walker,D,48,0.00,0.10,0.10,walkema01
Matthew Barnaby,RW,39,0.03,0.15,0.18,barnama01
Matthew Lombardi,C,81,0.25,0.32,0.57,lombama01
Mattias Norström,D,76,0.03,0.12,0.14,norstma01
Mattias Öhlund,D,77,0.14,0.26,0.40,ohlunma01
Mattias Weinhandl,RW,12,0.08,0.08,0.17,weinhma01
Maxim Afinogenov,RW,56,0.41,0.68,1.09,afinoma01
Maxim Lapierre,C,46,0.13,0.13,0.26,lapiema01
Maxime Talbot,C,75,0.17,0.15,0.32,talboma01
Michael Funk,D,5,0.00,0.40,0.40,funkmi01
Michael Holmqvist,C,63,0.10,0.11,0.21,holmqmi01
Michael Leighton,G,5,0.00,0.00,0.00,leighmi01
Michael Nylander,C,79,0.33,0.72,1.05,nylanmi01
Michael Peca,C,35,0.11,0.31,0.43,pecami01
Michael Ryan,C,19,0.16,0.11,0.26,ryanmi01
Michael Ryder,RW,82,0.37,0.34,0.71,rydermi01
Michael Wall,G,4,0.00,0.25,0.25,wallmi01
Michal Handzuš,C,8,0.38,0.63,1.00,handzmi01
Michal Rozsíval,D,80,0.13,0.38,0.50,rozsimi01
Michel Ouellet,RW,73,0.26,0.40,0.66,ouellmi01
Micki DuPont,D,3,0.00,0.33,0.33,duponmi01
Miikka Kiprusoff,G,74,0.00,0.00,0.00,kiprumi01
Mikael Samuelsson,RW,53,0.26,0.38,0.64,samuemi01
Mikael Tellqvist,G,31,0.00,0.03,0.03,tellqmi01
Mike Blunden,RW,9,0.00,0.00,0.00,blundmi01
Mike Cammalleri,C,81,0.42,0.57,0.99,cammami01
Mike Card,D,4,0.00,0.00,0.00,cardmi01
Mike Commodore,D,82,0.09,0.27,0.35,commomi01
Mike Comrie,C,65,0.31,0.38,0.69,comrimi01
Mike Dunham,G,19,0.00,0.05,0.05,dunhami01
Mike Fisher,C,68,0.32,0.38,0.71,fishemi01
Mike Glumac,C,3,0.00,0.33,0.33,glumami01
Mike Green,D,70,0.03,0.14,0.17,greenmi03
Mike Grier,RW,81,0.20,0.21,0.41,griermi01
Mike Johnson,RW,80,0.14,0.25,0.39,johnsmi01
Mike Knuble,RW,64,0.38,0.47,0.84,knublmi01
Mike Komisarek,D,82,0.05,0.18,0.23,komismi01
Mike Modano,C,59,0.37,0.36,0.73,modanmi01
Mike Morrison,G,4,0.00,0.00,0.00,morrimi01
Mike Rathje,D,18,0.00,0.06,0.06,rathjmi01
Mike Ribeiro,C,81,0.22,0.51,0.73,ribeimi01
Mike Ricci,C,7,0.00,0.14,0.14,riccimi01
Mike Richards,C,59,0.17,0.37,0.54,richami02
Mike Rupp,RW,76,0.08,0.04,0.12,ruppmi01
Mike Sillinger,C,82,0.32,0.40,0.72,sillimi01
Mike Smith,G,23,0.00,0.00,0.00,smithmi01
Mike Van Ryn,D,78,0.05,0.32,0.37,vanrymi01
Mike Weaver,D,39,0.08,0.15,0.23,weavemi01
Mike York,LW,66,0.15,0.17,0.32,yorkmi01
Mike Zigomanis,C,75,0.19,0.12,0.31,zigommi01
Mikhail Grabovski,C,3,0.00,0.00,0.00,grabomi01
Mikko Koivu,C,82,0.24,0.41,0.66,koivumi01
Mikko Lehtonen,D,15,0.07,0.13,0.20,lehtomi01
Milan Hejduk,RW,80,0.44,0.44,0.88,hejdumi01
Milan Jurčina,D,70,0.06,0.11,0.17,jurcimi01
Milan Michálek,RW,78,0.33,0.51,0.85,michami01
Miroslav Šatan,RW,81,0.33,0.40,0.73,satanmi01
Nate Guenin,D,9,0.00,0.22,0.22,guenina01
Nate Thompson,C,4,0.00,0.00,0.00,thompna01
Nathan Dempsey,D,17,0.00,0.06,0.06,dempsna01
Nathan Horton,C,82,0.38,0.38,0.76,hortona01
Nathan McIver,D,1,0.00,0.00,0.00,mcivena01
Nathan Paetsch,D,63,0.03,0.35,0.38,paetsna01
Nathan Smith,C,1,0.00,0.00,0.00,smithna02
Nick Boynton,D,59,0.03,0.15,0.19,boyntni01
Nick Schultz,D,82,0.02,0.12,0.15,schulni01
Nick Tarnasky,C,77,0.06,0.05,0.12,tarnani01
Nicklas Grossmann,D,8,0.00,0.00,0.00,grossni01
Nicklas Lidström,D,80,0.16,0.61,0.78,lidstni01
Niclas Hävelid,D,77,0.04,0.23,0.27,havelni01
Niclas Wallin,D,67,0.03,0.12,0.15,wallini01
Nigel Dawes,LW,8,0.13,0.00,0.13,dawesni01
Nik Antropov,C,54,0.33,0.28,0.61,antroni01
Nikita Alexeev,RW,78,0.15,0.14,0.29,alexeni01
Niklas Bäckström,G,41,0.00,0.02,0.02,backsni01
Niklas Hagman,LW,82,0.21,0.15,0.35,hagmani01
Niklas Kronwall,D,68,0.01,0.31,0.32,kronwni01
Niko Dimitrakos,RW,5,0.00,0.00,0.00,dimitni01
Niko Kapanen,C,79,0.08,0.20,0.28,kapanni01
Nikolai Khabibulin,G,60,0.00,0.00,0.00,khabini01
Nikolai Zherdev,RW,71,0.14,0.31,0.45,zherdni01
Nils Ekman,RW,34,0.18,0.26,0.44,ekmanni01
Noah Clarke,LW,13,0.15,0.00,0.15,clarkno02
Noah Welch,D,24,0.08,0.04,0.13,welchno01
Nolan Baumgartner,D,13,0.00,0.23,0.23,baumgno01
Nolan Pratt,D,81,0.01,0.09,0.10,prattno01
Olaf Kölzig,G,54,0.00,0.06,0.06,kolziol01
Ole-Kristian Tollefsen,D,70,0.03,0.04,0.07,tolleol01
Oleg Saprykin,LW,71,0.21,0.30,0.51,sapryol01
Oleg Tverdovsky,D,26,0.00,0.15,0.15,tverdol01
Olli Jokinen,C,82,0.48,0.63,1.11,jokinol01
Ossi Väänänen,D,74,0.03,0.08,0.11,vaanaos01
Owen Nolan,RW,76,0.21,0.32,0.53,nolanow01
P.A. Parenteau,LW,5,0.00,0.20,0.20,parenpi01
P.J. Axelsson,LW,55,0.20,0.29,0.49,axelspj01
Pascal Dupuis,LW,71,0.20,0.07,0.27,dupuipa01
Pascal Leclaire,G,24,0.00,0.00,0.00,leclapa01
Patrice Bergeron,C,77,0.29,0.62,0.91,bergepa01
Patrice Brisebois,D,33,0.03,0.30,0.33,brisepa01
Patrick Coulombe,D,7,0.00,0.14,0.14,coulopa01
Patrick Eaves,RW,73,0.19,0.25,0.44,eavespa01
Patrick Fischer,C,27,0.15,0.22,0.37,fischpa01
Patrick Kaleta,RW,7,0.00,0.29,0.29,kaletpa01
Patrick Lalime,G,12,0.00,0.00,0.00,lalimpa01
Patrick Leahy,RW,1,0.00,0.00,0.00,leahypa01
Patrick Marleau,C,77,0.42,0.60,1.01,marlepa01
Patrick O'Sullivan,C,44,0.11,0.32,0.43,osullpa01
Patrick Rissmiller,C,79,0.09,0.19,0.28,rissmpa01
Patrick Sharp,RW,80,0.25,0.19,0.44,sharppa01
Patrick Thoresen,LW,68,0.06,0.18,0.24,thorepa01
Patrik Eliáš,C,75,0.28,0.64,0.92,eliaspa01
Patrik Štefan,C,41,0.12,0.15,0.27,stefapa01
Paul Gaustad,C,54,0.17,0.24,0.41,gaustpa01
Paul Kariya,LW,82,0.29,0.63,0.93,kariypa01
Paul Mara,D,78,0.06,0.23,0.29,marapa01
Paul Martin,D,82,0.04,0.28,0.32,martipa01
Paul Ranger,D,72,0.06,0.33,0.39,rangepa01
Paul Stastny,C,82,0.34,0.61,0.95,stastpa01
Pavel Datsyuk,C,79,0.34,0.76,1.10,datsypa01
Pavel Kubina,D,61,0.11,0.23,0.34,kubinpa01
Pavol Demitra,RW,71,0.35,0.55,0.90,demitpa01
Peter Bondra,RW,37,0.14,0.24,0.38,bondrpe01
Peter Budaj,G,57,0.00,0.04,0.04,budajpe01
Peter Forsberg,C,57,0.23,0.74,0.96,forsbpe01
Peter Harrold,D,12,0.00,0.17,0.17,harrope01
Peter Schaefer,LW,77,0.16,0.44,0.60,schaepe01
Peter Sejna,LW,22,0.14,0.05,0.18,sejnape01
Petr Čajánek,C,77,0.19,0.43,0.62,cajanpe01
Petr Kalus,RW,9,0.44,0.11,0.56,kaluspe01
Petr Nedvěd,C,40,0.05,0.25,0.30,nedvepe01
Petr Průcha,C,79,0.28,0.23,0.51,pruchpe01
Petr Sýkora,C,82,0.27,0.38,0.65,sykorpe01
Petr Tenkrát,RW,64,0.14,0.08,0.22,tenkrpe01
Petteri Nummelin,D,51,0.06,0.33,0.39,nummepe01
Phil Kessel,RW,70,0.16,0.26,0.41,kesseph01
Philippe Boucher,D,76,0.25,0.42,0.67,bouchph01
Philippe Sauvé,G,2,0.00,0.00,0.00,sauveph01
Pierre Turgeon,C,17,0.24,0.18,0.41,turgepi01
Pierre-Marc Bouchard,C,82,0.24,0.45,0.70,bouchpi02
R.J. Umberger,C,81,0.20,0.15,0.35,umberrj01
Radek Bonk,C,74,0.18,0.14,0.31,bonkra01
Radek Dvořák,RW,82,0.12,0.33,0.45,dvorara01
Radek Martínek,D,43,0.05,0.35,0.40,martira01
Radim Vrbata,RW,77,0.18,0.35,0.53,vrbatra01
Raffi Torres,LW,82,0.18,0.23,0.41,torrera01
Raitis Ivanāns,LW,66,0.06,0.06,0.12,ivanara01
Ramzi Abid,LW,13,0.08,0.31,0.38,abidra01
Randy Jones,D,66,0.06,0.27,0.33,jonesra01
Randy Robitaille,C,78,0.14,0.37,0.51,robitra01
Ray Emery,G,58,0.00,0.02,0.02,emeryra01
Ray Whitney,LW,81,0.40,0.63,1.02,whitnra01
Reed Low,RW,6,0.00,0.00,0.00,lowre01
Rene Bourque,LW,44,0.16,0.23,0.39,bourqre01
Rhett Warrener,D,62,0.06,0.10,0.16,warrerh01
Ric Jackman,D,31,0.06,0.32,0.39,jackmri01
Rich Peverley,C,13,0.00,0.08,0.08,peverri01
Richard Matvichuk,D,1,0.00,0.00,0.00,matviri01
Richard Park,RW,82,0.12,0.20,0.32,parkri01
Richard Zedník,LW,42,0.17,0.33,0.50,zedniri01
Richie Regehr,D,6,0.17,0.17,0.33,regehri01
Rick DiPietro,G,62,0.00,0.03,0.03,dipieri01
Rick Nash,LW,75,0.36,0.40,0.76,nashri01
Rick Rypien,C,2,0.00,0.00,0.00,rypieri01
Rico Fata,LW,10,0.10,0.10,0.20,fatari01
Riley Cote,LW,8,0.00,0.00,0.00,coteri01
Rob Blake,D,72,0.19,0.28,0.47,blakero01
Rob Davison,D,22,0.00,0.09,0.09,davisro01
Rob Globke,C,19,0.00,0.05,0.05,globkro01
Rob Niedermayer,C,82,0.06,0.13,0.20,niedero01
Rob Schremp,C,1,0.00,0.00,0.00,schrero01
Rob Scuderi,D,78,0.01,0.13,0.14,scudero01
Robert Esche,G,18,0.00,0.11,0.11,eschero01
Robert Lang,C,81,0.23,0.41,0.64,langro01
Robert Nilsson,C,4,0.25,0.00,0.25,nilssro01
Roberto Luongo,G,76,0.00,0.03,0.03,luongro01
Robyn Regehr,D,78,0.03,0.24,0.27,regehro01
Rod Brind'Amour,C,78,0.33,0.72,1.05,brindro01
Rod Pelley,C,9,0.00,0.00,0.00,pellero02
Roman Hamrlík,D,75,0.09,0.41,0.51,hamrlro01
Roman Polák,D,19,0.00,0.00,0.00,polakro01
Ron Hainsey,D,80,0.11,0.31,0.43,hainsro01
Ronald Petrovický,RW,31,0.10,0.10,0.19,petroro02
Rory Fitzpatrick,D,58,0.02,0.10,0.12,fitzpro02
Rostislav Klesla,D,75,0.12,0.17,0.29,kleslro01
Rostislav Olesz,C,75,0.15,0.25,0.40,oleszro01
Ruslan Fedotenko,LW,80,0.15,0.25,0.40,fedotru01
Ruslan Salei,D,82,0.07,0.32,0.39,saleiru01
Ryan Bayda,LW,9,0.11,0.11,0.22,baydary01
Ryan Callahan,RW,14,0.29,0.14,0.43,callary01
Ryan Craig,C,72,0.19,0.18,0.38,craigry01
Ryan Getzlaf,C,82,0.30,0.40,0.71,getzlry01
Ryan Hollweg,C,78,0.01,0.03,0.04,hollwry01
Ryan Johnson,C,59,0.12,0.07,0.19,johnsry01
Ryan Kesler,C,48,0.13,0.21,0.33,keslery01
Ryan Malone,LW,64,0.25,0.23,0.48,malonry01
Ryan Miller,G,63,0.00,0.03,0.03,millery01
Ryan Parent,D,1,0.00,0.00,0.00,parenry01
Ryan Potulny,C,35,0.20,0.14,0.34,potulry01
Ryan Shannon,RW,53,0.04,0.17,0.21,shannry01
Ryan Smyth,LW,71,0.51,0.45,0.96,smythry01
Ryan Suter,D,82,0.10,0.20,0.29,suterry01
Ryan Whitney,D,81,0.17,0.56,0.73,whitnry01
Ryane Clowe,LW,58,0.28,0.31,0.59,clowery01
Saku Koivu,C,81,0.27,0.65,0.93,koivusa01
Sami Kapanen,RW,77,0.14,0.18,0.32,kapansa01
Sami Salo,D,67,0.21,0.34,0.55,salosa01
Samuel Påhlsson,C,82,0.10,0.22,0.32,pahlssa01
Sandis Ozoliņš,D,21,0.00,0.14,0.14,ozolisa01
Scott Clemmensen,G,6,0.00,0.00,0.00,clemmsc01
Scott Gomez,C,72,0.18,0.65,0.83,gomezsc01
Scott Hannan,D,79,0.05,0.25,0.30,hannasc01
Scott Hartnell,RW,64,0.34,0.27,0.61,hartnsc01
Scott Mellanby,RW,69,0.17,0.35,0.52,mellasc01
Scott Nichol,C,59,0.12,0.10,0.22,nichosc01
Scott Niedermayer,D,79,0.19,0.68,0.87,niedesc01
Scott Parker,RW,21,0.05,0.05,0.10,parkesc01
Scott Thornton,LW,58,0.12,0.10,0.22,thornsc01
Scott Walker,RW,81,0.26,0.37,0.63,walkesc01
Scottie Upshall,RW,32,0.25,0.25,0.50,upshasc01
Sean Avery,LW,84,0.21,0.36,0.57,averyse01
Sean Burke,G,23,0.00,0.04,0.04,burkese01
Sean Hill,D,81,0.01,0.30,0.31,hillse01
Sean O'Donnell,D,79,0.03,0.19,0.22,odonnse01
Sébastien Bisaillon,D,2,0.00,0.00,0.00,bisaise01
Sébastien Caron,G,2,0.00,0.00,0.00,caronse01
Serge Payer,C,5,0.00,0.00,0.00,payerse01
Sergei Brylin,C,82,0.20,0.29,0.49,brylise01
Sergei Fedorov,C,73,0.25,0.33,0.58,fedorse01
Sergei Gonchar,D,82,0.16,0.66,0.82,gonchse01
Sergei Samsonov,LW,63,0.14,0.27,0.41,samsose01
Sergei Zubov,D,78,0.15,0.54,0.69,zubovse01
Shane Doan,RW,73,0.37,0.38,0.75,doansh01
Shane Hnidy,D,72,0.07,0.10,0.17,hnidysh01
Shane O'Brien,D,80,0.03,0.18,0.20,obriesh01
Shaone Morrisonn,D,78,0.04,0.13,0.17,morrish01
Shawn Bates,C,48,0.08,0.13,0.21,batessh01
Shawn Belle,D,9,0.00,0.11,0.11,bellesh01
Shawn Horcoff,C,80,0.20,0.44,0.64,horcosh01
Shawn Thornton,LW,48,0.04,0.15,0.19,thornsh01
Shay Stephenson,LW,2,0.00,0.00,0.00,stephsh01
Shea Weber,D,79,0.22,0.29,0.51,webersh01
Shean Donovan,RW,76,0.08,0.14,0.22,donovsh01
Sheldon Brookbank,D,3,0.00,0.33,0.33,brooksh01
Sheldon Souray,D,81,0.32,0.47,0.79,sourash01
Sidney Crosby,C,79,0.46,1.06,1.52,crosbsi01
Simon Gagné,LW,76,0.54,0.36,0.89,gagnesi01
Stanislav Chistov,RW,61,0.08,0.13,0.21,chistst01
Štefan Ružička,RW,40,0.08,0.25,0.33,ruzicst01
Stéphane Robidas,D,75,0.00,0.23,0.23,robidst01
Stéphane Veilleux,LW,75,0.09,0.15,0.24,veillst01
Stéphane Yelle,C,56,0.18,0.25,0.43,yellest01
Stephen Weiss,C,74,0.27,0.38,0.65,weissst01
Steve Bégin,LW,52,0.10,0.10,0.19,beginst01
Steve Bernier,RW,62,0.24,0.26,0.50,bernist01
Steve Eminger,D,68,0.01,0.24,0.25,emingst01
Steve McCarthy,D,46,0.09,0.26,0.35,mccarst01
Steve Montador,D,72,0.01,0.11,0.13,montast01
Steve Ott,C,19,0.00,0.21,0.21,ottst01
Steve Regier,LW,1,0.00,0.00,0.00,regiest01
Steve Reinprecht,C,49,0.18,0.49,0.67,reinpst01
Steve Rucchin,C,47,0.11,0.34,0.45,rucchst01
Steve Staios,D,58,0.03,0.26,0.29,staiost01
Steve Sullivan,RW,57,0.39,0.67,1.05,sullist01
Steve Valiquette,G,3,0.00,0.00,0.00,valiqst01
Steven Goertzen,RW,7,0.00,0.00,0.00,goertst01
Stu Barnes,C,82,0.16,0.15,0.30,barnest01
Taylor Pyatt,LW,76,0.30,0.18,0.49,pyattta01
Teemu Selänne,RW,82,0.59,0.56,1.15,selante01
Teppo Numminen,D,79,0.03,0.34,0.37,nummite01
Thomas Pöck,D,44,0.09,0.09,0.18,pockth01
Thomas Vanek,LW,82,0.52,0.50,1.02,vanekth01
Tim Brent,C,15,0.07,0.00,0.07,brentti01
Tim Connolly,C,2,0.50,0.00,0.50,connoti01
Tim Gleason,D,57,0.04,0.07,0.11,gleasti01
Tim Jackman,RW,5,0.00,0.00,0.00,jackmti01
Tim Taylor,C,71,0.01,0.07,0.08,tayloti01
Tim Thomas,G,66,0.00,0.00,0.00,thomati01
Timo Helbling,D,2,0.00,0.00,0.00,helblti01
Toby Petersen,C,64,0.09,0.14,0.23,peterto01
Todd Bertuzzi,RW,15,0.20,0.53,0.73,bertuto01
Todd Fedoruk,LW,58,0.05,0.19,0.24,fedorto01
Todd Marchant,C,56,0.14,0.27,0.41,marchto01
Todd White,C,77,0.17,0.40,0.57,whiteto02
Tom Gilbert,D,12,0.08,0.42,0.50,gilbeto01
Tom Kostopoulos,RW,76,0.09,0.20,0.29,kostoto01
Tom Poti,D,78,0.08,0.49,0.56,potito01
Tom Preissing,D,80,0.09,0.39,0.48,preisto01
Tomáš Fleischmann,C,29,0.14,0.14,0.28,fleisto01
Tomas Holmström,LW,77,0.39,0.29,0.68,holmsto01
Tomáš Kaberle,D,74,0.15,0.64,0.78,kaberto01
Tomáš Kopecký,RW,26,0.04,0.00,0.04,kopecto01
Tomáš Malec,D,1,0.00,0.00,0.00,malecto01
Tomáš Mojžíš,D,6,0.17,0.00,0.17,mojzito01
Tomáš Plekanec,C,81,0.25,0.33,0.58,plekato01
Tomáš Plíhal,C,3,0.00,0.00,0.00,plihato01
Tomáš Pöpperle,G,2,0.00,0.00,0.00,poppeto01
Tomáš Vokoun,G,44,0.00,0.05,0.05,vokouto01
Tomi Mäki,RW,1,0.00,0.00,0.00,makito01
Tommi Santala,C,30,0.03,0.17,0.20,santato01
Toni Lydman,D,67,0.03,0.25,0.28,lydmato01
Tony Amonte,RW,81,0.12,0.25,0.37,amontto01
Tony Salmelainen,LW,57,0.11,0.19,0.30,salmeto01
Travis Green,C,31,0.03,0.03,0.06,greentr01
Travis Moen,LW,82,0.13,0.12,0.26,moentr01
Travis Roche,D,50,0.12,0.26,0.38,rochetr01
Travis Zajac,C,80,0.21,0.31,0.53,zajactr01
Trent Hunter,RW,77,0.26,0.19,0.45,huntetr01
Trevor Daley,D,74,0.05,0.11,0.16,daleytr01
Trevor Letowski,RW,61,0.03,0.10,0.13,letowtr01
Trevor Linden,C,80,0.15,0.16,0.31,lindetr01
Triston Grant,LW,8,0.00,0.13,0.13,granttr01
Troy Brouwer,RW,10,0.00,0.00,0.00,brouwtr01
Tuomas Pihlman,LW,2,0.00,0.00,0.00,pihlmtu01
Tuomo Ruutu,C,71,0.24,0.30,0.54,ruututu01
Ty Conklin,G,16,0.00,0.00,0.00,conklty01
Tyler Arnason,C,82,0.20,0.40,0.60,arnasty01
Tyler Bouck,LW,6,0.00,0.00,0.00,bouckty01
Václav Prospal,C,82,0.17,0.50,0.67,prospva01
Valtteri Filppula,C,73,0.14,0.10,0.23,filppva01
Vernon Fiddler,C,72,0.15,0.21,0.36,fiddlve01
Vesa Toskala,G,38,0.00,0.08,0.08,toskave01
Viktor Kozlov,C,81,0.31,0.32,0.63,kozlovi01
Ville Nieminen,LW,44,0.02,0.02,0.05,niemivi01
Ville Peltonen,LW,72,0.24,0.28,0.51,peltovi01
Vincent Lecavalier,C,82,0.63,0.68,1.32,lecavvi01
Vitaly Vishnevski,D,67,0.04,0.15,0.19,vishnvi01
Vojtěch Polák,LW,2,0.00,0.00,0.00,polakvo01
Vyacheslav Kozlov,LW,81,0.35,0.64,0.99,kozlovy01
Wade Belak,D,65,0.00,0.05,0.05,belakwa01
Wade Brookbank,D,7,0.14,0.00,0.14,brookwa01
Wade Dubielewicz,G,8,0.00,0.00,0.00,dubiewa01
Wade Redden,D,64,0.11,0.45,0.56,reddewa01
Wayne Primeau,C,78,0.13,0.15,0.28,primewa01
Wes Walz,C,62,0.15,0.24,0.39,walzwe01
Willie Mitchell,D,62,0.02,0.16,0.18,mitchwi01
Wojtek Wolski,LW,76,0.29,0.37,0.66,wolskwo01
Wyatt Smith,C,61,0.05,0.05,0.10,smithwy01
Yan Stastny,C,21,0.00,0.10,0.10,stastya01
Yanic Perreault,C,66,0.32,0.26,0.58,perreya01
Yanick Lehoux,C,7,0.14,0.29,0.43,lehouya01
Yannick Tremblay,D,12,0.08,0.17,0.25,trembya01
Yutaka Fukufuji,G,4,0.00,0.00,0.00,fukufyu01
Zach Parise,LW,82,0.38,0.38,0.76,parisza01
Zack Stortini,RW,29,0.03,0.00,0.03,stortza01
Zbyněk Michálek,D,82,0.05,0.29,0.34,michazb01
Zdeno Chára,D,80,0.14,0.40,0.54,charazd01
Zenon Konopka,C,6,0.00,0.00,0.00,konopze01